Email,Name
test001@example.com,TestUser1
test002@example.com,TestUser2
test003@example.com,TestUser3
test004@example.com,TestUser4
test005@example.com,TestUser5
test006@example.com,TestUser6
test007@example.com,TestUser7
test008@example.com,TestUser8
test009@example.com,TestUser9
test010@example.com,TestUser10
test011@example.com,TestUser11
test012@example.com,TestUser12
test013@example.com,TestUser13
test014@example.com,TestUser14
test015@example.com,TestUser15
test016@example.com,TestUser16
test017@example.com,TestUser17
test018@example.com,TestUser18
test019@example.com,TestUser19
test020@example.com,TestUser20
test021@example.com,TestUser21
test022@example.com,TestUser22
test023@example.com,TestUser23
test024@example.com,TestUser24
test025@example.com,TestUser25
test026@example.com,TestUser26
test027@example.com,TestUser27
test028@example.com,TestUser28
test029@example.com,TestUser29
test030@example.com,TestUser30
test031@example.com,TestUser31
test032@example.com,TestUser32
test033@example.com,TestUser33
test034@example.com,TestUser34
test035@example.com,TestUser35
test036@example.com,TestUser36
test037@example.com,TestUser37
test038@example.com,TestUser38
test039@example.com,TestUser39
test040@example.com,TestUser40
test041@example.com,TestUser41
test042@example.com,TestUser42
test043@example.com,TestUser43
test044@example.com,TestUser44
test045@example.com,TestUser45
test046@example.com,TestUser46
test047@example.com,TestUser47
test048@example.com,TestUser48
test049@example.com,TestUser49
test050@example.com,TestUser50
test051@example.com,TestUser51
test052@example.com,TestUser52
test053@example.com,TestUser53
test054@example.com,TestUser54
test055@example.com,TestUser55
test056@example.com,TestUser56
test057@example.com,TestUser57
test058@example.com,TestUser58
test059@example.com,TestUser59
test060@example.com,TestUser60
test061@example.com,TestUser61
test062@example.com,TestUser62
test063@example.com,TestUser63
test064@example.com,TestUser64
test065@example.com,TestUser65
test066@example.com,TestUser66
test067@example.com,TestUser67
test068@example.com,TestUser68
test069@example.com,TestUser69
test070@example.com,TestUser70
test071@example.com,TestUser71
test072@example.com,TestUser72
test073@example.com,TestUser73
test074@example.com,TestUser74
test075@example.com,TestUser75
test076@example.com,TestUser76
test077@example.com,TestUser77
test078@example.com,TestUser78
test079@example.com,TestUser79
test080@example.com,TestUser80
test081@example.com,TestUser81
test082@example.com,TestUser82
test083@example.com,TestUser83
test084@example.com,TestUser84
test085@example.com,TestUser85
test086@example.com,TestUser86
test087@example.com,TestUser87
test088@example.com,TestUser88
test089@example.com,TestUser89
test090@example.com,TestUser90
test091@example.com,TestUser91
test092@example.com,TestUser92
test093@example.com,TestUser93
test094@example.com,TestUser94
test095@example.com,TestUser95
test096@example.com,TestUser96
test097@example.com,TestUser97
test098@example.com,TestUser98
test099@example.com,TestUser99
test100@example.com,TestUser100
test101@example.com,TestUser101
test102@example.com,TestUser102
test103@example.com,TestUser103
test104@example.com,TestUser104
test105@example.com,TestUser105
test106@example.com,TestUser106
test107@example.com,TestUser107
test108@example.com,TestUser108
test109@example.com,TestUser109
test110@example.com,TestUser110
test111@example.com,TestUser111
test112@example.com,TestUser112
test113@example.com,TestUser113
test114@example.com,TestUser114
test115@example.com,TestUser115
test116@example.com,TestUser116
test117@example.com,TestUser117
test118@example.com,TestUser118
test119@example.com,TestUser119
test120@example.com,TestUser120
test121@example.com,TestUser121
test122@example.com,TestUser122
test123@example.com,TestUser123
test124@example.com,TestUser124
test125@example.com,TestUser125
test126@example.com,TestUser126
test127@example.com,TestUser127
test128@example.com,TestUser128
test129@example.com,TestUser129
test130@example.com,TestUser130
test131@example.com,TestUser131
test132@example.com,TestUser132
test133@example.com,TestUser133
test134@example.com,TestUser134
test135@example.com,TestUser135
test136@example.com,TestUser136
test137@example.com,TestUser137
test138@example.com,TestUser138
test139@example.com,TestUser139
test140@example.com,TestUser140
test141@example.com,TestUser141
test142@example.com,TestUser142
test143@example.com,TestUser143
test144@example.com,TestUser144
test145@example.com,TestUser145
test146@example.com,TestUser146
test147@example.com,TestUser147
test148@example.com,TestUser148
test149@example.com,TestUser149
test150@example.com,TestUser150
test151@example.com,TestUser151
test152@example.com,TestUser152
test153@example.com,TestUser153
test154@example.com,TestUser154
test155@example.com,TestUser155
test156@example.com,TestUser156
test157@example.com,TestUser157
test158@example.com,TestUser158
test159@example.com,TestUser159
test160@example.com,TestUser160
test161@example.com,TestUser161
test162@example.com,TestUser162
test163@example.com,TestUser163
test164@example.com,TestUser164
test165@example.com,TestUser165
test166@example.com,TestUser166
test167@example.com,TestUser167
test168@example.com,TestUser168
test169@example.com,TestUser169
test170@example.com,TestUser170
test171@example.com,TestUser171
test172@example.com,TestUser172
test173@example.com,TestUser173
test174@example.com,TestUser174
test175@example.com,TestUser175
test176@example.com,TestUser176
test177@example.com,TestUser177
test178@example.com,TestUser178
test179@example.com,TestUser179
test180@example.com,TestUser180
test181@example.com,TestUser181
test182@example.com,TestUser182
test183@example.com,TestUser183
test184@example.com,TestUser184
test185@example.com,TestUser185
test186@example.com,TestUser186
test187@example.com,TestUser187
test188@example.com,TestUser188
test189@example.com,TestUser189
test190@example.com,TestUser190
test191@example.com,TestUser191
test192@example.com,TestUser192
test193@example.com,TestUser193
test194@example.com,TestUser194
test195@example.com,TestUser195
test196@example.com,TestUser196
test197@example.com,TestUser197
test198@example.com,TestUser198
test199@example.com,TestUser199
test200@example.com,TestUser200
test201@example.com,TestUser201
test202@example.com,TestUser202
test203@example.com,TestUser203
test204@example.com,TestUser204
test205@example.com,TestUser205
test206@example.com,TestUser206
test207@example.com,TestUser207
test208@example.com,TestUser208
test209@example.com,TestUser209
test210@example.com,TestUser210
test211@example.com,TestUser211
test212@example.com,TestUser212
test213@example.com,TestUser213
test214@example.com,TestUser214
test215@example.com,TestUser215
test216@example.com,TestUser216
test217@example.com,TestUser217
test218@example.com,TestUser218
test219@example.com,TestUser219
test220@example.com,TestUser220
test221@example.com,TestUser221
test222@example.com,TestUser222
test223@example.com,TestUser223
test224@example.com,TestUser224
test225@example.com,TestUser225
test226@example.com,TestUser226
test227@example.com,TestUser227
test228@example.com,TestUser228
test229@example.com,TestUser229
test230@example.com,TestUser230
test231@example.com,TestUser231
test232@example.com,TestUser232
test233@example.com,TestUser233
test234@example.com,TestUser234
test235@example.com,TestUser235
test236@example.com,TestUser236
test237@example.com,TestUser237
test238@example.com,TestUser238
test239@example.com,TestUser239
test240@example.com,TestUser240
test241@example.com,TestUser241
test242@example.com,TestUser242
test243@example.com,TestUser243
test244@example.com,TestUser244
test245@example.com,TestUser245
test246@example.com,TestUser246
test247@example.com,TestUser247
test248@example.com,TestUser248
test249@example.com,TestUser249
test250@example.com,TestUser250
test251@example.com,TestUser251
test252@example.com,TestUser252
test253@example.com,TestUser253
test254@example.com,TestUser254
test255@example.com,TestUser255
test256@example.com,TestUser256
test257@example.com,TestUser257
test258@example.com,TestUser258
test259@example.com,TestUser259
test260@example.com,TestUser260
test261@example.com,TestUser261
test262@example.com,TestUser262
test263@example.com,TestUser263
test264@example.com,TestUser264
test265@example.com,TestUser265
test266@example.com,TestUser266
test267@example.com,TestUser267
test268@example.com,TestUser268
test269@example.com,TestUser269
test270@example.com,TestUser270
test271@example.com,TestUser271
test272@example.com,TestUser272
test273@example.com,TestUser273
test274@example.com,TestUser274
test275@example.com,TestUser275
test276@example.com,TestUser276
test277@example.com,TestUser277
test278@example.com,TestUser278
test279@example.com,TestUser279
test280@example.com,TestUser280
test281@example.com,TestUser281
test282@example.com,TestUser282
test283@example.com,TestUser283
test284@example.com,TestUser284
test285@example.com,TestUser285
test286@example.com,TestUser286
test287@example.com,TestUser287
test288@example.com,TestUser288
test289@example.com,TestUser289
test290@example.com,TestUser290
test291@example.com,TestUser291
test292@example.com,TestUser292
test293@example.com,TestUser293
test294@example.com,TestUser294
test295@example.com,TestUser295
test296@example.com,TestUser296
test297@example.com,TestUser297
test298@example.com,TestUser298
test299@example.com,TestUser299
test300@example.com,TestUser300
test301@example.com,TestUser301
test302@example.com,TestUser302
test303@example.com,TestUser303
test304@example.com,TestUser304
test305@example.com,TestUser305
test306@example.com,TestUser306
test307@example.com,TestUser307
test308@example.com,TestUser308
test309@example.com,TestUser309
test310@example.com,TestUser310
test311@example.com,TestUser311
test312@example.com,TestUser312
test313@example.com,TestUser313
test314@example.com,TestUser314
test315@example.com,TestUser315
test316@example.com,TestUser316
test317@example.com,TestUser317
test318@example.com,TestUser318
test319@example.com,TestUser319
test320@example.com,TestUser320
test321@example.com,TestUser321
test322@example.com,TestUser322
test323@example.com,TestUser323
test324@example.com,TestUser324
test325@example.com,TestUser325
test326@example.com,TestUser326
test327@example.com,TestUser327
test328@example.com,TestUser328
test329@example.com,TestUser329
test330@example.com,TestUser330
test331@example.com,TestUser331
test332@example.com,TestUser332
test333@example.com,TestUser333
test334@example.com,TestUser334
test335@example.com,TestUser335
test336@example.com,TestUser336
test337@example.com,TestUser337
test338@example.com,TestUser338
test339@example.com,TestUser339
test340@example.com,TestUser340
test341@example.com,TestUser341
test342@example.com,TestUser342
test343@example.com,TestUser343
test344@example.com,TestUser344
test345@example.com,TestUser345
test346@example.com,TestUser346
test347@example.com,TestUser347
test348@example.com,TestUser348
test349@example.com,TestUser349
test350@example.com,TestUser350
test351@example.com,TestUser351
test352@example.com,TestUser352
test353@example.com,TestUser353
test354@example.com,TestUser354
test355@example.com,TestUser355
test356@example.com,TestUser356
test357@example.com,TestUser357
test358@example.com,TestUser358
test359@example.com,TestUser359
test360@example.com,TestUser360
test361@example.com,TestUser361
test362@example.com,TestUser362
test363@example.com,TestUser363
test364@example.com,TestUser364
test365@example.com,TestUser365
test366@example.com,TestUser366
test367@example.com,TestUser367
test368@example.com,TestUser368
test369@example.com,TestUser369
test370@example.com,TestUser370
test371@example.com,TestUser371
test372@example.com,TestUser372
test373@example.com,TestUser373
test374@example.com,TestUser374
test375@example.com,TestUser375
test376@example.com,TestUser376
test377@example.com,TestUser377
test378@example.com,TestUser378
test379@example.com,TestUser379
test380@example.com,TestUser380
test381@example.com,TestUser381
test382@example.com,TestUser382
test383@example.com,TestUser383
test384@example.com,TestUser384
test385@example.com,TestUser385
test386@example.com,TestUser386
test387@example.com,TestUser387
test388@example.com,TestUser388
test389@example.com,TestUser389
test390@example.com,TestUser390
test391@example.com,TestUser391
test392@example.com,TestUser392
test393@example.com,TestUser393
test394@example.com,TestUser394
test395@example.com,TestUser395
test396@example.com,TestUser396
test397@example.com,TestUser397
test398@example.com,TestUser398
test399@example.com,TestUser399
test400@example.com,TestUser400
test401@example.com,TestUser401
test402@example.com,TestUser402
test403@example.com,TestUser403
test404@example.com,TestUser404
test405@example.com,TestUser405
test406@example.com,TestUser406
test407@example.com,TestUser407
test408@example.com,TestUser408
test409@example.com,TestUser409
test410@example.com,TestUser410
test411@example.com,TestUser411
test412@example.com,TestUser412
test413@example.com,TestUser413
test414@example.com,TestUser414
test415@example.com,TestUser415
test416@example.com,TestUser416
test417@example.com,TestUser417
test418@example.com,TestUser418
test419@example.com,TestUser419
test420@example.com,TestUser420
test421@example.com,TestUser421
test422@example.com,TestUser422
test423@example.com,TestUser423
test424@example.com,TestUser424
test425@example.com,TestUser425
test426@example.com,TestUser426
test427@example.com,TestUser427
test428@example.com,TestUser428
test429@example.com,TestUser429
test430@example.com,TestUser430
test431@example.com,TestUser431
test432@example.com,TestUser432
test433@example.com,TestUser433
test434@example.com,TestUser434
test435@example.com,TestUser435
test436@example.com,TestUser436
test437@example.com,TestUser437
test438@example.com,TestUser438
test439@example.com,TestUser439
test440@example.com,TestUser440
test441@example.com,TestUser441
test442@example.com,TestUser442
test443@example.com,TestUser443
test444@example.com,TestUser444
test445@example.com,TestUser445
test446@example.com,TestUser446
test447@example.com,TestUser447
test448@example.com,TestUser448
test449@example.com,TestUser449
test450@example.com,TestUser450
test451@example.com,TestUser451
test452@example.com,TestUser452
test453@example.com,TestUser453
test454@example.com,TestUser454
test455@example.com,TestUser455
test456@example.com,TestUser456
test457@example.com,TestUser457
test458@example.com,TestUser458
test459@example.com,TestUser459
test460@example.com,TestUser460
test461@example.com,TestUser461
test462@example.com,TestUser462
test463@example.com,TestUser463
test464@example.com,TestUser464
test465@example.com,TestUser465
test466@example.com,TestUser466
test467@example.com,TestUser467
test468@example.com,TestUser468
test469@example.com,TestUser469
test470@example.com,TestUser470
test471@example.com,TestUser471
test472@example.com,TestUser472
test473@example.com,TestUser473
test474@example.com,TestUser474
test475@example.com,TestUser475
test476@example.com,TestUser476
test477@example.com,TestUser477
test478@example.com,TestUser478
test479@example.com,TestUser479
test480@example.com,TestUser480
test481@example.com,TestUser481
test482@example.com,TestUser482
test483@example.com,TestUser483
test484@example.com,TestUser484
test485@example.com,TestUser485
test486@example.com,TestUser486
test487@example.com,TestUser487
test488@example.com,TestUser488
test489@example.com,TestUser489
test490@example.com,TestUser490
test491@example.com,TestUser491
test492@example.com,TestUser492
test493@example.com,TestUser493
test494@example.com,TestUser494
test495@example.com,TestUser495
test496@example.com,TestUser496
test497@example.com,TestUser497
test498@example.com,TestUser498
test499@example.com,TestUser499
test500@example.com,TestUser500